{"coco/bbox_mAP": 0.734, "coco/bbox_mAP_50": 0.824, "coco/bbox_mAP_75": 0.811, "coco/bbox_mAP_s": 0.0, "coco/bbox_mAP_m": 0.464, "coco/bbox_mAP_l": 0.847, "data_time": 32.1070020198822, "time": 34.50299882888794}